{
  "num_samples_used": 500,
  "i2t_r1": 0.38600000739097595,
  "i2t_r5": 0.8100000023841858,
  "i2t_r10": 0.9300000071525574,
  "t2i_r1": 0.40400001406669617,
  "t2i_r5": 0.7960000038146973,
  "t2i_r10": 0.9340000152587891,
  "similarity_grid": "inference_results/similarity_grid.jpg"
}